{"cameraMode":{"drawMode":0,"name":"Shaded","section":"Shading Mode"},"sceneLighting":true,"audioPlay":false,"sceneViewState":{"showFog":true,"showMaterialUpdate":false,"showSkybox":true,"showFlares":true,"showImageEffects":true,"showParticleSystems":true},"in2DMode":false,"pivot":{"x":0.5534753799438477,"y":-0.193253755569458,"z":11.508584022521973},"rotation":{"x":-0.1978813111782074,"y":0.6823793649673462,"z":-0.2001502364873886,"w":-0.6746459603309631},"size":2.9352915287017824,"orthographic":false}